n,ro_mean,ro_min,ro_max,valid_rate,valid_count
500,0.00484,0.0,0.014,0.0,0
1500,0.004426666666666667,0.0013333333333333333,0.007333333333333333,0.0,0
2500,0.004264,0.0012,0.0076,0.18,9
3500,0.004268571428571429,0.002,0.0074285714285714285,0.36,18
4500,0.00436,0.0024444444444444444,0.0064444444444444445,0.2,10
5500,0.004530909090909091,0.0027272727272727275,0.006,0.22,11
6500,0.004387692307692308,0.0026153846153846153,0.006461538461538461,0.06,3
7500,0.004554666666666666,0.0032,0.006533333333333334,0.2,10
8500,0.004432941176470587,0.0029411764705882353,0.006,0.28,14
9500,0.004404210526315789,0.003368421052631579,0.006105263157894737,0.2,10
10500,0.004379047619047619,0.003142857142857143,0.006666666666666667,0.26,13
11500,0.004483478260869565,0.0028695652173913043,0.006,0.38,19
12500,0.0045455999999999995,0.0032,0.00528,0.22,11
13500,0.004348148148148148,0.0034074074074074076,0.005703703703703704,0.32,16
14500,0.004457931034482759,0.003172413793103448,0.005793103448275862,0.24,12
15500,0.0043277419354838705,0.0025806451612903226,0.005741935483870968,0.2,10
16500,0.004313939393939394,0.002909090909090909,0.005575757575757576,0.24,12
17500,0.004414857142857142,0.0034857142857142856,0.005828571428571429,0.4,20
18500,0.004357837837837837,0.0033513513513513515,0.005783783783783784,0.44,22
19500,0.00444102564102564,0.003128205128205128,0.005435897435897436,0.38,19
20500,0.004310243902439025,0.0033658536585365853,0.005609756097560975,0.38,19
21500,0.004357209302325581,0.0032558139534883722,0.005023255813953489,0.38,19
22500,0.004526222222222221,0.0036888888888888887,0.0054666666666666665,0.44,22
23500,0.004390638297872341,0.003574468085106383,0.0050638297872340424,0.38,19
24500,0.004315102040816327,0.003510204081632653,0.005183673469387755,0.44,22
25500,0.0044172549019607845,0.003411764705882353,0.0055294117647058825,0.34,17
26500,0.004415094339622641,0.003283018867924528,0.005094339622641509,0.32,16
27500,0.004388363636363636,0.0037818181818181818,0.005381818181818182,0.36,18
28500,0.004492631578947369,0.003649122807017544,0.005228070175438596,0.52,26
29500,0.0043010169491525425,0.0036949152542372883,0.005491525423728814,0.5,25
30500,0.0044321311475409835,0.0037049180327868854,0.005081967213114754,0.6,30
31500,0.004425396825396825,0.0036825396825396826,0.005174603174603175,0.4,20
32500,0.004366153846153846,0.0035076923076923076,0.005107692307692308,0.32,16
33500,0.0044829850746268655,0.003970149253731343,0.005373134328358209,0.5,25
34500,0.004322898550724638,0.0036521739130434784,0.005072463768115942,0.24,12
35500,0.0043808450704225345,0.0035774647887323943,0.005098591549295775,0.46,23
36500,0.00442027397260274,0.0037808219178082194,0.005123287671232876,0.36,18
37500,0.0044112000000000005,0.003946666666666667,0.005013333333333333,0.52,26
38500,0.004375584415584416,0.003896103896103896,0.005012987012987013,0.42,21
39500,0.004354936708860759,0.003746835443037975,0.004936708860759494,0.64,32
40500,0.004361481481481481,0.003851851851851852,0.005160493827160494,0.56,28
41500,0.004313253012048193,0.0033734939759036144,0.005180722891566265,0.3,15
42500,0.004397176470588235,0.0039058823529411766,0.004917647058823529,0.56,28
43500,0.004403678160919539,0.003747126436781609,0.005103448275862069,0.48,24
44500,0.004367191011235955,0.0034831460674157304,0.005078651685393259,0.5,25
45500,0.004428131868131868,0.0035824175824175825,0.00534065934065934,0.54,27
46500,0.0043303225806451615,0.0037204301075268818,0.004731182795698925,0.6,30
47500,0.004472842105263158,0.003936842105263158,0.004947368421052632,0.56,28
48500,0.00432,0.004,0.004721649484536083,0.68,34
49500,0.004443232323232323,0.003393939393939394,0.005191919191919192,0.38,19
50500,0.0044459405940594065,0.003900990099009901,0.00497029702970297,0.44,22
51500,0.0044128155339805825,0.004,0.005223300970873786,0.66,33
52500,0.004384761904761905,0.003923809523809524,0.0051047619047619045,0.52,26
53500,0.00437570093457944,0.003906542056074766,0.0048411214953271026,0.68,34
54500,0.004347522935779817,0.003779816513761468,0.004825688073394495,0.5,25
55500,0.00440900900900901,0.0034954954954954957,0.005135135135135135,0.42,21
56500,0.004384424778761062,0.004,0.004654867256637168,0.86,43
57500,0.004434086956521739,0.003791304347826087,0.004852173913043478,0.5,25
58500,0.004378119658119658,0.003418803418803419,0.0049743589743589745,0.44,22
59500,0.0044198319327731096,0.0038823529411764705,0.00492436974789916,0.7,35
60500,0.004428760330578512,0.0038512396694214877,0.0048760330578512395,0.46,23
61500,0.004382113821138211,0.003983739837398374,0.004764227642276422,0.66,33
62500,0.00443904,0.004256,0.00472,0.74,37
63500,0.004401259842519685,0.003937007874015748,0.004740157480314961,0.86,43
64500,0.004389767441860465,0.003875968992248062,0.004821705426356589,0.58,29
65500,0.004377099236641221,0.0038320610687022903,0.004854961832061069,0.64,32
66500,0.004396691729323308,0.004075187969924812,0.004887218045112782,0.78,39
67500,0.004374222222222221,0.004118518518518519,0.004918518518518518,0.66,33
68500,0.004394744525547446,0.004131386861313868,0.004642335766423358,0.9,45
69500,0.004295827338129496,0.003971223021582734,0.004647482014388489,0.88,44
70500,0.004415886524822695,0.004070921985815603,0.004865248226950354,0.74,37
71500,0.004425174825174825,0.0040979020979020975,0.004713286713286713,0.84,42
72500,0.004382068965517242,0.003627586206896552,0.004813793103448276,0.56,28
73500,0.0044280272108843536,0.004122448979591836,0.0047346938775510205,0.8,40
74500,0.004425234899328859,0.003906040268456376,0.004832214765100671,0.6,30
75500,0.004445298013245033,0.004119205298013245,0.004781456953642384,0.84,42
76500,0.004439738562091504,0.003973856209150327,0.004718954248366013,0.68,34
77500,0.004372645161290323,0.003948387096774194,0.004683870967741936,0.84,42
78500,0.0043977070063694265,0.0037579617834394906,0.0047006369426751595,0.8,40
79500,0.004421886792452831,0.004012578616352201,0.0049685534591194964,0.54,27
80500,0.004334658385093167,0.004074534161490683,0.004608695652173913,0.86,43
81500,0.00434159509202454,0.004061349693251534,0.004760736196319018,0.76,38
82500,0.004343272727272727,0.0038787878787878787,0.0047272727272727275,0.5,25
83500,0.0043904191616766465,0.003784431137724551,0.004898203592814372,0.52,26
84500,0.004396449704142011,0.003881656804733728,0.005076923076923077,0.46,23
85500,0.0044091228070175445,0.004093567251461989,0.004807017543859649,0.78,39
86500,0.004310289017341041,0.004046242774566474,0.00461271676300578,0.94,47
87500,0.004385828571428571,0.003954285714285714,0.004651428571428571,0.9,45
88500,0.004416949152542373,0.003966101694915254,0.0048700564971751415,0.44,22
89500,0.004416536312849162,0.004189944134078212,0.0047150837988826815,0.9,45
90500,0.004381657458563537,0.0039558011049723755,0.004828729281767956,0.44,22
91500,0.00434775956284153,0.004054644808743169,0.004710382513661202,0.72,36
92500,0.004380756756756757,0.004162162162162162,0.004745945945945946,0.88,44
93500,0.004364705882352941,0.00413903743315508,0.004513368983957219,0.98,49
94500,0.004428994708994709,0.00417989417989418,0.004634920634920635,0.94,47
95500,0.004388062827225131,0.0038324607329842933,0.004827225130890052,0.54,27
96500,0.004393367875647668,0.003989637305699482,0.004766839378238342,0.68,34
97500,0.004424820512820513,0.004123076923076923,0.004871794871794872,0.64,32
98500,0.0043957360406091375,0.0040609137055837565,0.004761421319796955,0.8,40
99500,0.004343316582914573,0.0037085427135678394,0.004884422110552764,0.44,22
100500,0.004462288557213931,0.003970149253731343,0.004885572139303482,0.46,23
101500,0.004388374384236453,0.003980295566502463,0.004758620689655172,0.56,28
102500,0.004334439024390244,0.004,0.004780487804878049,0.68,34
103500,0.004397101449275363,0.004067632850241546,0.00472463768115942,0.78,39
104500,0.004373971291866029,0.004038277511961723,0.0046315789473684215,0.84,42
105500,0.0044949763033175355,0.004132701421800948,0.005052132701421801,0.62,31
106500,0.004344600938967136,0.003971830985915493,0.004704225352112676,0.7,35
107500,0.004377116279069768,0.004176744186046512,0.004595348837209303,1.0,50
108500,0.004257327188940093,0.003926267281105991,0.004792626728110599,0.54,27
109500,0.004321461187214611,0.004091324200913242,0.004694063926940639,0.72,36
110500,0.0044394570135746604,0.004180995475113122,0.004633484162895928,0.92,46
111500,0.004460089686098655,0.004116591928251121,0.004834080717488789,0.56,28
112500,0.00442488888888889,0.0041333333333333335,0.004666666666666667,0.8,40
113500,0.0043850220264317185,0.004026431718061674,0.004863436123348017,0.32,16
114500,0.004391091703056768,0.004104803493449782,0.004576419213973799,0.98,49
115500,0.004328831168831168,0.004086580086580086,0.004658008658008658,0.84,42
116500,0.004394334763948497,0.004231759656652361,0.0046351931330472105,0.98,49
117500,0.004406468085106384,0.004153191489361702,0.004706382978723405,0.96,48
118500,0.004430042194092827,0.004025316455696202,0.004759493670886076,0.72,36
119500,0.004304100418410043,0.0040418410041841,0.004552301255230125,0.86,43
120500,0.004352697095435685,0.004091286307053942,0.004605809128630706,0.8,40
121500,0.004314074074074074,0.004106995884773663,0.004584362139917695,0.88,44
122500,0.004421224489795918,0.004130612244897959,0.004620408163265306,0.9,45
123500,0.004438380566801619,0.004226720647773279,0.004696356275303644,0.94,47
124500,0.004387469879518072,0.0041124497991967875,0.004570281124497992,0.92,46
125500,0.004346932270916334,0.004151394422310757,0.004581673306772908,0.94,47
126500,0.004302924901185771,0.003992094861660079,0.004774703557312253,0.64,32
127500,0.004393254901960785,0.00411764705882353,0.004682352941176471,0.88,44
128500,0.0043533073929961094,0.004155642023346303,0.004521400778210117,0.98,49
129500,0.004404478764478764,0.004154440154440155,0.004671814671814671,0.92,46
130500,0.004379310344827586,0.004084291187739463,0.004796934865900383,0.74,37
131500,0.004417338403041825,0.0042053231939163495,0.004653992395437262,0.94,47
132500,0.004382943396226415,0.004158490566037736,0.004618867924528302,0.96,48
133500,0.004355205992509364,0.004067415730337079,0.004779026217228465,0.66,33
134500,0.0044385130111524165,0.003992565055762082,0.004758364312267658,0.44,22
135500,0.004416531365313653,0.004132841328413284,0.004634686346863468,0.86,43
136500,0.004412454212454213,0.004073260073260073,0.004791208791208791,0.66,33
137500,0.004383854545454546,0.00416,0.00464,0.8,40
138500,0.0044112635379061375,0.004,0.004945848375451264,0.66,33
139500,0.004322437275985663,0.004129032258064516,0.004530465949820789,0.86,43
140500,0.004384341637010677,0.004149466192170818,0.004612099644128114,0.96,48
141500,0.004394204946996467,0.00407773851590106,0.004756183745583039,0.7,35
142500,0.004491929824561404,0.004119298245614035,0.004736842105263158,0.6,30
143500,0.004437073170731707,0.004132404181184669,0.0046550522648083625,0.92,46
144500,0.004443598615916955,0.00411764705882353,0.004823529411764706,0.62,31
145500,0.004340206185567011,0.004096219931271477,0.004556701030927835,0.92,46
146500,0.0044105119453924915,0.004095563139931741,0.004662116040955631,0.9,45
147500,0.004381966101694915,0.004216949152542373,0.004562711864406779,1.0,50
148500,0.004373198653198653,0.00404040404040404,0.004666666666666667,0.84,42
149500,0.004323478260869565,0.0041872909698996656,0.004434782608695652,1.0,50
150500,0.00447375415282392,0.004026578073089701,0.004704318936877077,0.64,32
151500,0.004424554455445544,0.004283828382838284,0.004613861386138614,0.98,49
152500,0.0043373114754098364,0.004216393442622951,0.004465573770491804,1.0,50
153500,0.004325863192182411,0.003986970684039088,0.004794788273615635,0.32,16
154500,0.004344724919093851,0.004148867313915857,0.00459546925566343,0.9,45
155500,0.004442186495176848,0.0042636655948553055,0.0046302250803858525,0.94,47
156500,0.004501597444089457,0.004012779552715655,0.00476038338658147,0.5,25
157500,0.004396444444444444,0.004253968253968254,0.004590476190476191,1.0,50
158500,0.004406182965299685,0.004113564668769716,0.00473186119873817,0.84,42
159500,0.0044517868338558,0.004125391849529781,0.004695924764890282,0.82,41
160500,0.004427414330218068,0.004249221183800623,0.004598130841121495,1.0,50
161500,0.00428532507739938,0.004167182662538699,0.00453250773993808,0.96,48
162500,0.004415138461538462,0.004313846153846154,0.00464,0.96,48
163500,0.004429847094801223,0.00418348623853211,0.004660550458715596,0.9,45
164500,0.00432887537993921,0.0041398176291793315,0.004613981762917933,0.84,42
165500,0.0043577039274924475,0.0040845921450151056,0.0046102719033232625,0.78,39
166500,0.004267027027027027,0.003915915915915916,0.004582582582582583,0.62,31
167500,0.004375044776119403,0.004161194029850746,0.004614925373134329,0.94,47
168500,0.0044094955489614234,0.004136498516320475,0.004670623145400593,0.88,44
169500,0.004387374631268436,0.004171091445427729,0.004607669616519174,1.0,50
170500,0.004369149560117302,0.004064516129032258,0.004639296187683284,0.72,36
171500,0.0044515451895043735,0.004279883381924198,0.004594752186588921,1.0,50
172500,0.004351420289855072,0.004208695652173913,0.0045913043478260866,1.0,50
173500,0.004273083573487032,0.004080691642651297,0.004501440922190202,0.7,35
174500,0.004409283667621777,0.004234957020057307,0.004607449856733524,1.0,50
175500,0.00441082621082621,0.004193732193732194,0.004655270655270655,0.9,45
176500,0.004411218130311614,0.0042889518413597736,0.0045212464589235125,1.0,50
177500,0.004414197183098592,0.004270422535211268,0.004614084507042254,0.98,49
178500,0.004420056022408964,0.004252100840336135,0.004672268907563025,0.94,47
179500,0.004367799442896936,0.00415041782729805,0.004629526462395543,0.9,45
180500,0.004385373961218837,0.004138504155124654,0.004670360110803324,0.78,39
181500,0.004342369146005509,0.0040606060606060606,0.0046997245179063365,0.54,27
182500,0.004389698630136986,0.004153424657534247,0.0046301369863013695,0.86,43
183500,0.0043930245231607636,0.004245231607629428,0.004490463215258856,1.0,50
184500,0.0043650948509485095,0.004119241192411924,0.004601626016260163,0.92,46
185500,0.004461886792452831,0.004231805929919137,0.00476010781671159,0.8,40
186500,0.004352278820375335,0.004241286863270777,0.004520107238605898,1.0,50
187500,0.004465600000000001,0.004442666666666667,0.004485333333333333,1.0,50
188500,0.004327002652519894,0.004095490716180371,0.004679045092838196,0.74,37
189500,0.00430796833773087,0.004216358839050132,0.004406332453825858,1.0,50
190500,0.0043433070866141735,0.004236220472440945,0.004451443569553805,1.0,50
191500,0.004388929503916449,0.004240208877284595,0.004584856396866841,1.0,50
192500,0.004482077922077922,0.004207792207792208,0.004701298701298701,0.62,31
193500,0.004419741602067183,0.004258397932816537,0.0045788113695090435,1.0,50
194500,0.004370899742930591,0.004169665809768638,0.004473007712082262,0.96,48
195500,0.004356726342710998,0.004025575447570332,0.004608695652173913,0.8,40
196500,0.004420966921119593,0.004223918575063613,0.004534351145038168,1.0,50
197500,0.00438632911392405,0.004237974683544304,0.004567088607594937,1.0,50
198500,0.004411687657430731,0.0043224181360201515,0.004508816120906801,1.0,50
199500,0.004389974937343358,0.004305764411027569,0.004481203007518797,1.0,50
200500,0.004409875311720698,0.004254364089775561,0.004668329177057356,0.96,48
201500,0.004356426799007444,0.004104218362282879,0.004580645161290323,0.8,40
202500,0.00440641975308642,0.004212345679012346,0.0046617283950617285,0.86,43
203500,0.004415036855036855,0.00426044226044226,0.004604422604422604,1.0,50
204500,0.00438963325183374,0.0041075794621026895,0.004621026894865526,0.9,45
205500,0.004353187347931874,0.004223844282238443,0.0045742092457420926,1.0,50
206500,0.0043323970944309925,0.004198547215496368,0.004421307506053269,1.0,50
207500,0.004354120481927711,0.003951807228915662,0.004727710843373494,0.34,17
208500,0.004288920863309353,0.0041342925659472425,0.00445083932853717,0.92,46
209500,0.004399904534606205,0.004315035799522673,0.004515513126491647,1.0,50
210500,0.004355914489311163,0.00421852731591449,0.004494061757719715,1.0,50
211500,0.00435678486997636,0.004198581560283688,0.0045200945626477545,1.0,50
212500,0.004384941176470588,0.004112941176470588,0.004597647058823529,0.78,39
213500,0.004392037470725995,0.004252927400468384,0.004501170960187354,1.0,50
214500,0.004395244755244755,0.004298368298368298,0.004568764568764569,1.0,50
215500,0.004394431554524362,0.004088167053364269,0.004603248259860789,0.86,43
216500,0.004465311778290993,0.004318706697459584,0.004586605080831409,1.0,50
217500,0.004360091954022988,0.004266666666666667,0.004473563218390804,1.0,50
218500,0.00437345537757437,0.0041098398169336385,0.004709382151029748,0.78,39
219500,0.0043034168564920275,0.0041503416856492024,0.004460136674259681,0.96,48
220500,0.004500952380952381,0.004353741496598639,0.004662131519274376,0.78,39
221500,0.004395936794582393,0.00418961625282167,0.004573363431151242,1.0,50
222500,0.004372314606741572,0.004161797752808989,0.004561797752808989,0.98,49
223500,0.004381208053691275,0.004263982102908278,0.0044921700223713645,1.0,50
224500,0.004297728285077951,0.0041514476614699335,0.00443652561247216,0.96,48
225500,0.004291529933481153,0.004150776053215077,0.004541019955654102,0.92,46
226500,0.004444326710816777,0.0043222958057395145,0.004547461368653422,1.0,50
227500,0.004436571428571429,0.0043516483516483516,0.004505494505494505,1.0,50
228500,0.00436910284463895,0.00424945295404814,0.004477024070021882,1.0,50
229500,0.004269019607843138,0.0041525054466230935,0.004575163398692811,0.98,49
230500,0.0044432971800433835,0.004268980477223427,0.004533622559652928,1.0,50
231500,0.004424622030237581,0.004289416846652268,0.0045183585313174944,1.0,50
232500,0.004316043010752689,0.004223655913978494,0.004417204301075269,1.0,50
233500,0.00440693790149893,0.004329764453961456,0.004518201284796574,1.0,50
234500,0.004475565031982942,0.004204690831556503,0.004639658848614073,0.88,44
235500,0.004386072186836518,0.004208067940552017,0.004496815286624204,1.0,50
236500,0.004406173361522199,0.004342494714587738,0.004490486257928118,1.0,50
237500,0.00438821052631579,0.004273684210526316,0.0044631578947368425,1.0,50
238500,0.00441517819706499,0.004167714884696016,0.004607966457023061,0.98,49
239500,0.004416450939457203,0.004246346555323591,0.004592901878914405,1.0,50
240500,0.004338378378378378,0.004178794178794179,0.004598752598752599,1.0,50
241500,0.004369855072463768,0.004240165631469979,0.0044720496894409935,1.0,50
242500,0.004435216494845361,0.004263917525773196,0.00454020618556701,1.0,50
243500,0.004430308008213552,0.004316221765913758,0.004529774127310061,1.0,50
244500,0.004305685071574642,0.004216768916155419,0.0044253578732106336,1.0,50
245500,0.004381670061099796,0.004293279022403259,0.004517311608961304,1.0,50
246500,0.004490953346855984,0.004356997971602434,0.004632860040567952,0.92,46
247500,0.004425858585858586,0.004270707070707071,0.0045131313131313135,1.0,50
248500,0.004344708249496982,0.004221327967806841,0.004478873239436619,1.0,50
249500,0.004375551102204408,0.0042404809619238475,0.00455310621242485,1.0,50
