Ratio,Size,Mean Error(%),CI Lower(%),CI Upper(%),Over(%),Under(%),Peak Signed(%),RMS(%)
4.026665869923713e-05,1000,0.45977672459885,-1.4902232754011528,1.5597767245988408,52.0,48.0,-4.040223275401154,1.7958910539207027
8.053331739847427e-05,2000,-0.1152232754011564,-0.7277232754011571,0.5222767245988464,44.0,56.00000000000001,2.5597767245988408,1.0457457064214923
0.0001207999760977114,3000,-0.04022327540115711,-0.7318899420678235,0.6514433912655129,50.0,50.0,2.8264433912655065,0.9601235113780269
0.00016106663479694853,4000,0.0722767245988436,-0.390223275401155,0.8347767245988518,56.00000000000001,44.0,1.8097767245988408,0.7909991041501341
0.00020133329349618565,5000,-0.260223275401156,-0.7002232754011537,0.16977672459884374,34.0,66.0,-1.8202232754011547,0.6853900414597233
0.0002415999521954228,6000,0.0931100579321793,-0.22772327540115178,0.48894339126551145,60.0,40.0,1.4431100579321736,0.6199591644884641
0.0002818666108946599,7000,-0.09022327540115782,-0.6330804182582987,0.48477672459884324,40.0,60.0,-1.61165184682973,0.7020465927187736
0.00032213326959389707,8000,-0.015223275401154979,-0.3120982754011514,0.3629017245988404,50.0,50.0,1.297276724598838,0.5248615739638699
0.0003623999282931342,9000,-0.08466771984560495,-0.3846677198456039,0.32088783570995005,44.0,56.00000000000001,-1.0180010531789279,0.47364764723776626
0.0004026665869923713,10000,-0.03522327540115455,-0.4002232754011583,0.35477672459884424,48.0,52.0,1.4097767245988422,0.542880475688701
0.00044293324569160845,11000,-0.04022327540115356,-0.528859639037524,0.2461403609624817,46.0,54.0,-1.2584050935829723,0.532726560782959
0.0004831999043908456,12000,-0.17355660873449352,-0.36938994206782994,-0.004806608734488904,26.0,74.0,-1.1068899420678235,0.486037494010756
0.0005234665630900827,13000,0.0059305707526888796,-0.30945404463192894,0.44439210921422934,50.0,50.0,-1.1171463523242409,0.4831104507618714
0.0005637332217893198,14000,-0.06165184682972935,-0.2384375611154379,0.1258481531702742,44.0,56.00000000000001,-0.9116518468297343,0.3863409544185313
0.000603999880488557,15000,0.01977672459884161,-0.2852232754011581,0.1914433912655138,52.0,48.0,0.8464433912655025,0.3719948942803065
0.0006442665391877941,16000,0.0410267245988436,-0.2402232754011564,0.2800892245988429,56.00000000000001,44.0,-0.8964732754011564,0.35805883540921213
0.0006845331978870313,17000,0.01271790106942916,-0.2137526871658615,0.36418848930472514,54.0,46.0,-0.7931644518717391,0.36933446362410743
0.0007247998565862684,18000,-0.10133438651227067,-0.31938994206781857,0.11672116904328966,36.0,64.0,-0.9346677198456064,0.40671339047291366
0.0007650665152855055,19000,0.05977672459884431,-0.19417064382220595,0.34398725091463156,54.0,46.0,-0.8981180122432662,0.3814646151801917
0.0008053331739847426,20000,0.004776724598841042,-0.20522327540115626,0.2497767245988456,52.0,48.0,0.8297767245988439,0.36824091001560283
0.0008455998326839798,21000,-0.12593756111544252,-0.3104613706392545,0.12168148650360067,34.0,66.0,0.6359672007893238,0.3302974097736418
0.0008858664913832169,22000,0.06659490641702703,-0.12090509358297119,0.23477672459884502,57.99999999999999,42.0,-0.8084050935829765,0.3074800500623855
0.000926133150082454,23000,-0.029353710183766424,-0.23044066670550478,0.20868976807710204,46.0,54.0,0.6684723767727547,0.30892130136020246
0.0009663998087816912,24000,-0.03397327540115569,-0.2412649420678239,0.19936005793218037,42.0,57.99999999999999,0.855610057932175,0.2995035204171766
0.0010066664674809283,25000,0.0637767245988421,-0.2452232754011554,0.2767767245988395,52.0,48.0,0.7317767245988449,0.3474273583437222
0.0010469331261801654,26000,-0.017146352324239444,-0.2104155830934662,0.24054595536807888,44.0,56.00000000000001,-0.9479155830934616,0.372785638816923
0.0010871997848794026,27000,0.015332280154400024,-0.1800380902159695,0.20699894682106468,50.0,50.0,0.652369317191436,0.31774153273875017
0.0011274664435786397,28000,-0.07415184682972864,-0.21611613254400552,0.14549101031312972,32.0,68.0,0.6633481531702756,0.2704333095256986
0.001167733102277877,29000,0.06667327632298026,-0.17729224091839768,0.2304663797712596,54.0,46.0,-0.7022922409184034,0.286734513763263
0.001207999760977114,30000,0.0031100579321758914,-0.19188994206782262,0.16477672459885007,50.0,50.0,-0.746889942067817,0.2860199994002176
0.001248266419676351,31000,0.0210670471794856,-0.15312650120761084,0.13316382137303684,52.0,48.0,-0.5918361786269557,0.22423460954533667
0.0012885330783755883,32000,-0.07459827540115427,-0.3105357754011493,0.11133922459884715,46.0,54.0,0.6222767245988479,0.2938913997810816
0.0013287997370748253,33000,0.024928239750359182,-0.23113236631024847,0.11053430035641831,52.0,48.0,-0.6371929723708476,0.25951804746990986
0.0013690663957740626,34000,0.058306136363544425,-0.11375268716585651,0.22227672459884573,56.00000000000001,44.0,-0.6549291577541041,0.2728375473388236
0.0014093330544732996,35000,-0.048794703972582454,-0.21593756111543883,0.11263386745598147,40.0,60.0,0.5854910103131346,0.22531475871772622
0.0014495997131725369,36000,0.01394339126551003,-0.14716771984559962,0.18616561348773253,52.0,48.0,-0.5624454976233793,0.24744197894208755
0.0014898663718717739,37000,-0.0037367889146722177,-0.19157462675250692,0.1151821300042517,46.0,54.0,-0.7483313835092602,0.2662209322013776
0.001530133030571011,38000,0.013724093019895633,-0.17114432803273694,0.17293461933569,52.0,48.0,0.5808293561777944,0.2536812893084768
0.0015703996892702482,39000,-0.08124891642680154,-0.2934284036062831,0.21169980152191847,44.0,56.00000000000001,0.5854177502398699,0.29008506382855115
0.0016106663479694852,40000,-0.003973275401151,-0.17209827540115796,0.14227672459884033,50.0,50.0,-0.8327232754011575,0.2745435666585936
0.0016509330066687225,41000,0.01587428557445847,-0.11278425101090939,0.1512401392329945,54.0,46.0,0.44270355386714044,0.2097178043214151
0.0016911996653679595,42000,-0.004508989686872411,-0.16700898968687206,0.15144339126551465,50.0,50.0,0.5883481531702728,0.24547486968746488
0.0017314663240671968,43000,0.015590678087221477,-0.18557211261045836,0.18652091064535625,54.0,46.0,-0.8239442056337225,0.2827112356207317
0.0017717329827664338,44000,-0.003859639037521845,-0.19022327540115747,0.11659490641702064,50.0,50.0,-0.5970414572193405,0.2239027584620152
0.0018119996414656708,45000,0.06644339126550847,-0.11744549762338252,0.20033228015440407,56.00000000000001,44.0,0.6131100579321753,0.22983421804859425
0.001852266300164908,46000,0.09455933329449806,-0.032614579748985406,0.23151585503362782,66.0,34.0,0.640211507207546,0.23228428606868723
0.0018925329588641451,47000,0.04488310757756864,-0.09181902008200638,0.1635001288541602,54.0,46.0,0.453393745875438,0.18682496934951417
0.0019327996175633824,48000,-0.023556608734494944,-0.15636910873449317,0.11081839126550896,46.0,54.0,-0.5610566087344893,0.2216405907543227
0.0019730662762626194,49000,0.029164479700884982,-0.1642028672378899,0.1449808062314908,52.0,48.0,-0.6259375611154425,0.21837185361281528
0.0020133329349618567,50000,-0.030223275401155547,-0.17922327540116,0.0802767245988445,44.0,56.00000000000001,0.5717767245988412,0.2048289832237831
0.002053599593661094,51000,0.050953195187080524,-0.11522327540115995,0.17546299910864782,60.0,40.0,0.5421296657753132,0.2330322969607776
0.0020938662523603308,52000,-0.0527232754011564,-0.1527232754011525,0.08141133998345573,36.0,64.0,-0.5229155830934644,0.2142181879576553
0.002134132911059568,53000,0.0729842717686573,-0.05673270936342334,0.23336163025921763,66.0,34.0,-0.5628647848351136,0.23997994600443123
0.0021743995697588053,54000,0.015332280154396472,-0.1689269791048602,0.13292487274699205,52.0,48.0,0.48940635422847123,0.21181485415001525
0.002214666228458042,55000,0.018867633689758634,-0.09249600267388658,0.13114036096247794,52.0,48.0,-0.7656778208557071,0.23571774125163125
0.0022549328871572794,56000,-0.09290184682972935,-0.21790184682972225,0.0566517245988436,34.0,66.0,-0.5330804182583009,0.22351903352886324
0.0022951995458565166,57000,0.013285496528670393,-0.10425836312045078,0.14837321582691665,54.0,46.0,0.5422328649497175,0.19451614144413104
0.002335466204555754,58000,0.06322500046091406,-0.08763706850460551,0.17701810390919093,60.0,40.0,0.49253534528850196,0.19715767913849394
0.0023757328632549907,59000,0.07757333476833139,-0.0660707330282726,0.17884452120901706,64.0,36.0,-0.3707317499774234,0.19622317992710583
0.002415999521954228,60000,0.002276724598843316,-0.20063994206782354,0.13977672459883728,50.0,50.0,-0.3685566087344938,0.20384822527523985
0.002456266180653465,61000,0.019612790172612193,-0.09882983277820756,0.15690787213983093,54.0,46.0,0.4171537737791695,0.18916399206441614
0.002496532839352702,62000,0.003325111695616556,-0.09748133991729091,0.14122833750207064,50.0,50.0,0.43719607943754824,0.197865969564494
0.0025367994980519393,63000,0.003427518249633721,-0.17554073571861117,0.12207831190042917,52.0,48.0,-0.4497470849249652,0.21526937029145715
0.0025770661567511765,64000,-0.012098275401150715,-0.14452015040115285,0.10118297459884396,48.0,52.0,-0.4980357754011493,0.19759697340745752
0.0026173328154504138,65000,0.02977672459883962,-0.1444540446319298,0.16439210921423175,54.0,46.0,-0.5233001984780827,0.20841153513714697
0.0026575994741496506,66000,0.027200967023084388,-0.10764751782540216,0.19651914884126676,60.0,40.0,-0.4462838814617598,0.19921011151780102
0.002697866132848888,67000,-0.0708202903265267,-0.1655964097295204,0.06910508280779837,38.0,62.0,-0.577536708236984,0.1979030126994626
0.002738132791548125,68000,-0.022576216577625985,-0.1358115106952802,0.13257084224590265,46.0,54.0,-0.3961056283423332,0.18289633796908814
0.002778399450247362,69000,0.04818252170029069,-0.07319428989391241,0.1590520869176899,60.0,40.0,0.4684723767727519,0.19036822932135533
0.002818666108946599,70000,0.001919581741699261,-0.1262947039725848,0.12406243888455037,50.0,50.0,-0.5087947039725833,0.19785561468771284
0.0028589327676458364,71000,-0.018392289485664293,-0.12120919089411153,0.13512883727489466,46.0,54.0,0.5330161612185549,0.18368721701286483
0.0028991994263450737,72000,0.009776724598847153,-0.08744549762337961,0.14206839126551607,52.0,48.0,0.5250545023766193,0.18539915508053137
0.0029394660850443105,73000,0.002242478023500638,-0.12070272745594934,0.13580412185911506,50.0,50.0,0.3789548067906239,0.17059669975222125
0.0029797327437435478,74000,0.05977672459884076,-0.10272327540115711,0.13950645432857556,60.0,40.0,-0.4145475997254806,0.17220255794467768
0.003019999402442785,75000,0.03977672459884474,-0.18188994206782105,0.15144339126551287,56.00000000000001,44.0,-0.5535566087344819,0.20797646570485254
0.003060266061142022,76000,-0.02114432803273303,-0.0882495911906318,0.11306619828305564,46.0,54.0,0.5321451456514765,0.18530305729737426
0.003100532719841259,77000,-0.02723626241414223,-0.12950898968687063,0.08250399732611235,44.0,56.00000000000001,0.3948416596637827,0.15646406564922874
0.0031407993785404964,78000,0.04631518613730279,-0.110415583093463,0.1440715963937187,62.0,38.0,0.48926390408602316,0.1765089893727264
0.0031810660372397336,79000,0.020536218269725737,-0.07123593362900316,0.15597925624441267,54.0,46.0,0.3509159651051661,0.16866119187289813
0.0032213326959389704,80000,-0.0014732754011532734,-0.12334827540115612,0.13446422459884388,48.0,52.0,0.5622767245988456,0.19607622247914522
0.0032615993546382077,81000,0.00915944064821872,-0.1621368556480718,0.09372734188279885,54.0,46.0,0.4437273418827914,0.17190682231667032
0.003301866013337445,82000,0.007337700208601916,-0.09083303149871114,0.10398404167201392,54.0,46.0,0.29270355386713476,0.13979418051349457
0.0033421326720366818,83000,-0.011307612750556473,-0.15829556455778615,0.07845142339402678,42.0,57.99999999999999,-0.6655244802204336,0.19563420999685005
0.003382399330735919,84000,-0.02415184682972793,-0.15212803730591773,0.08418148650360813,46.0,54.0,-0.48784232302020314,0.18334028576832623
0.0034226659894351563,85000,0.019776724598848716,-0.06345856951880435,0.1571296657753134,60.0,40.0,-0.4425762165776277,0.18287107117043777
0.0034629326481343935,86000,-0.022200019587202746,-0.09458374051743235,0.10599765483140366,46.0,54.0,0.3795441664593113,0.1741013661630894
0.0035031993068336304,87000,-0.018958907585066243,-0.08763706850460373,0.09655833379424195,42.0,57.99999999999999,0.34713304643791787,0.14625631013254942
0.0035434659655328676,88000,-0.023177820855703857,-0.12175736631024314,0.11346990641702881,48.0,52.0,-0.3311323663102499,0.1456075489882771
0.003583732624232105,89000,-0.027301927086551103,-0.08460529787306292,0.10275425268872596,42.0,57.99999999999999,0.5260688594303033,0.16026940466924167
0.0036239992829313417,90000,0.02199894682106418,-0.07744549762337449,0.13005450237662153,54.0,46.0,0.31644339126550847,0.14099030733251755
0.003664265941630579,91000,0.011425076247192578,-0.11851997869785436,0.12406243888455926,52.0,48.0,-0.39736613254400766,0.16767375858895686
0.003704532600329816,92000,-0.0038102319228983106,-0.09185371018376465,0.0999941159031934,48.0,52.0,-0.4141363188794216,0.1692934159932073
0.0037447992590290535,93000,-0.032158759272128634,-0.160115748519436,0.08854016545905985,42.0,57.99999999999999,-0.34990069475600194,0.1566783672815058
0.0037850659177282903,94000,-0.00830838178413984,-0.12346795625222029,0.1063192777903339,46.0,54.0,0.3087128948116131,0.15670837933109116
0.0038253325764275275,95000,0.021881987756735555,-0.10259169645379274,0.10372409301989727,57.99999999999999,42.0,0.29556619828306196,0.14363390579531524
0.003865599235126765,96000,0.026964224598849285,-0.14100452540115604,0.11212047459884644,54.0,46.0,0.38165172459883934,0.17480347823625794
0.0039058658938260016,97000,0.008230332846270727,-0.09048100735992293,0.11493136377410273,54.0,46.0,-0.3907387393186852,0.1548357154446214
0.003946132552525239,98000,-0.020835520299112176,-0.09838654070727415,0.06360325521108479,44.0,56.00000000000001,0.3720216225580302,0.1316409781546382
0.003986399211224476,99000,-0.0008293360072144651,-0.1291121642900439,0.04639288621499915,50.0,50.0,-0.3553747905526734,0.14857774713691999
0.004026665869923713,100000,0.011776724598846045,-0.053723275401155846,0.10402672459884776,52.0,48.0,-0.3722232754011543,0.14778883667952966
